user_id,ratio,totalGamesRecommended,numberRecommendationUserHas,NewGamesRecommended
5250,0.05,20,1,19
76767,0.05,20,1,19
86540,0.05,20,1,19
229911,0.05,20,1,19
298950,0.136363636,22,3,19
547685,0,20,0,20
554278,0,20,0,20
561758,0.25,20,5,15
622362,0,20,0,20
748719,0,20,0,20
871990,0,20,0,20
948368,0,20,0,20
975449,0.15,20,3,17
994489,0.05,20,1,19
1072465,0,20,0,20
1129452,0.05,20,1,19
1612666,0.05,20,1,19
1936551,0,22,0,22
1950243,0.1,20,2,18
2083767,0.15,20,3,17
2110581,0,20,0,20
2259650,0.05,20,1,19
2531540,0.05,20,1,19
2643609,0.05,20,1,19
2753525,0.15,20,3,17
3244702,0,20,0,20
3449240,0.05,20,1,19
3450426,0,20,0,20
3527485,0.1,20,2,18
3783783,0.05,20,1,19
3979930,0,20,0,20
4064412,0.05,20,1,19
4595423,0,20,0,20
4824107,0.05,20,1,19
4834220,0.05,20,1,19
4877411,0.05,20,1,19
5220782,0.1,20,2,18
5270060,0.05,20,1,19
5387470,0,20,0,20
5860071,0.15,20,3,17
5949488,0,20,0,20
5976642,0,20,0,20
5990132,0.05,20,1,19
6144819,0,20,0,20
6439568,0,20,0,20
6717871,0.15,20,3,17
6928806,0.05,20,1,19
6979578,0,20,0,20
7015471,0,20,0,20
7020135,0.05,20,1,19
7094039,0,20,0,20
7163917,0.05,20,1,19
7203603,0.1,20,2,18
7249363,0,20,0,20
7418489,0.05,20,1,19
7431946,0.15,20,3,17
7440594,0,20,0,20
7907686,0.05,20,1,19
7955670,0.05,20,1,19
8259307,0.05,20,1,19
8311704,0.1,20,2,18
8542204,0.05,20,1,19
8585433,0.1,20,2,18
8763960,0.05,20,1,19
8776918,0.15,20,3,17
8784496,0,20,0,20
8795607,0.1,20,2,18
8949216,0.05,20,1,19
9128105,0.1,20,2,18
9180659,0,20,0,20
9209946,0.15,20,3,17
9245216,0.05,20,1,19
9365873,0.05,20,1,19
9544834,0,20,0,20
9563573,0.05,20,1,19
9740704,0,20,0,20
9823354,0.08,25,2,23
9845449,0,20,0,20
9946133,0,20,0,20
10144504,0.05,20,1,19
10162301,0,20,0,20
10181060,0.05,20,1,19
10218563,0.1,20,2,18
10253354,0.130434783,23,3,20
10302000,0.05,20,1,19
10385370,0,20,0,20
10450544,0,20,0,20
10478285,0,20,0,20
10595342,0,20,0,20
10599862,0.15,20,3,17
10856494,0,20,0,20
10934310,0,20,0,20
11024186,0,20,0,20
11149819,0,20,0,20
11161178,0.05,20,1,19
11207650,0.1,20,2,18
11300897,0,20,0,20
11373749,0.15,20,3,17
11403772,0.12,25,3,22
11731710,0.05,20,1,19
11794760,0.05,20,1,19
11807754,0.1,20,2,18
11813637,0.05,20,1,19
11940338,0.05,20,1,19
11952990,0,20,0,20
11970504,0.1,20,2,18
11978743,0.05,20,1,19
12130111,0.05,20,1,19
12144171,0.1,20,2,18
12195913,0.1,20,2,18
12259303,0,20,0,20
12529679,0.05,20,1,19
12610800,0,20,0,20
12660489,0,20,0,20
12760368,0,20,0,20
12774878,0,20,0,20
12860805,0.05,20,1,19
12985315,0.05,20,1,19
13190476,0.15,20,3,17
13565651,0,20,0,20
13646256,0,20,0,20
14126086,0.1,20,2,18
14153959,0,20,0,20
14216099,0,20,0,20
14417857,0.05,20,1,19
14465359,0.05,20,1,19
14507290,0,20,0,20
14544587,0,20,0,20
14551726,0,20,0,20
14671378,0.05,20,1,19
14906179,0,20,0,20
14962163,0.1,20,2,18
15095770,0.1,20,2,18
15196746,0.227272727,22,5,17
15221799,0.15,20,3,17
15305418,0,20,0,20
15415372,0.05,20,1,19
15680561,0.1,20,2,18
15701750,0,20,0,20
15702351,0,20,0,20
15841597,0,20,0,20
16081636,0.05,20,1,19
16084897,0.05,20,1,19
16154372,0.1,20,2,18
16167221,0.1,20,2,18
16231773,0,20,0,20
16574348,0.05,20,1,19
16645459,0,20,0,20
16710264,0.05,20,1,19
17017968,0,20,0,20
17414305,0.1,20,2,18
17495098,0.05,20,1,19
17497581,0,20,0,20
17530772,0.05,20,1,19
17567828,0.05,20,1,19
17649444,0.1,20,2,18
17995238,0,21,0,21
18036199,0.15,20,3,17
18066817,0.05,20,1,19
18074031,0.1,20,2,18
18109027,0.05,20,1,19
18149166,0.05,20,1,19
18263482,0,20,0,20
18500119,0.05,20,1,19
18604016,0.05,20,1,19
18897058,0,20,0,20
19062398,0,20,0,20
19085114,0,20,0,20
19094181,0,20,0,20
19510434,0.05,20,1,19
19586574,0.05,20,1,19
19616379,0.05,20,1,19
19668647,0.15,20,3,17
19696244,0.05,20,1,19
20200395,0.1,20,2,18
20207081,0.05,20,1,19
20366600,0,20,0,20
20464587,0,20,0,20
20566124,0.1,20,2,18
20704366,0.05,20,1,19
20772968,0.045454545,22,1,21
21061921,0,20,0,20
21138994,0,20,0,20
21316693,0.1,20,2,18
21406272,0,20,0,20
21535912,0,20,0,20
21539893,0.1,20,2,18
21861124,0.15,20,3,17
21979395,0.1,20,2,18
22075531,0.05,20,1,19
22088241,0,20,0,20
22283916,0,20,0,20
22301321,0.2,25,5,20
22371742,0.05,20,1,19
22605909,0.1,20,2,18
22865756,0,20,0,20
23072560,0,20,0,20
23096237,0.05,20,1,19
23154676,0.05,20,1,19
23225650,0.086956522,23,2,21
23386002,0.1,20,2,18
23472549,0,20,0,20
23492094,0.1,20,2,18
23608098,0,20,0,20
23643789,0,20,0,20
23672423,0,20,0,20
23717586,0.035714286,28,1,27
23883383,0.05,20,1,19
24011187,0,20,0,20
24204083,0.1,20,2,18
24366790,0.05,20,1,19
24469287,0.15,20,3,17
24632218,0,20,0,20
24721232,0.15,20,3,17
24841093,0,20,0,20
24858005,0,20,0,20
24919113,0,20,0,20
25096601,0,20,0,20
25337857,0.05,20,1,19
25490518,0,20,0,20
25539892,0.05,20,1,19
26027937,0,20,0,20
26122540,0,20,0,20
26302344,0.05,20,1,19
26333936,0.05,20,1,19
26430231,0.15,20,3,17
26465134,0.1,20,2,18
26729643,0,20,0,20
26762388,0.095238095,21,2,19
26802825,0.05,20,1,19
26808868,0,20,0,20
26861985,0,20,0,20
27117407,0,20,0,20
27139623,0.15,20,3,17
27169419,0.1,20,2,18
27171538,0.05,20,1,19
27262175,0,20,0,20
27279261,0.15,20,3,17
27403206,0,20,0,20
27545486,0,20,0,20
27579751,0,20,0,20
27901693,0.05,20,1,19
28031199,0,20,0,20
28041586,0,20,0,20
28064589,0.05,20,1,19
28113724,0.05,20,1,19
28229872,0.1,20,2,18
28472068,0.05,20,1,19
28648610,0,20,0,20
28731346,0.05,20,1,19
28997716,0,20,0,20
29052354,0.15,20,3,17
29081256,0,20,0,20
29148231,0.05,20,1,19
29239329,0,20,0,20
29268335,0,20,0,20
29302014,0.05,20,1,19
29569611,0.05,20,1,19
29706117,0.05,20,1,19
29753085,0.05,20,1,19
29852387,0,20,0,20
29873979,0.1,20,2,18
29983962,0.1,20,2,18
30042027,0.05,20,1,19
30061970,0.2,20,4,16
30172489,0.1,20,2,18
30239820,0.05,20,1,19
30246419,0.1,20,2,18
30425578,0.05,20,1,19
30432648,0,20,0,20
30440303,0.1,20,2,18
30519870,0.15,20,3,17
30572170,0.05,20,1,19
30614573,0.05,20,1,19
30699429,0,20,0,20
30912860,0.05,20,1,19
30913209,0,20,0,20
31007645,0.1,20,2,18
31187179,0.1,20,2,18
31668589,0.05,20,1,19
31669242,0,20,0,20
31727716,0.2,20,4,16
31733654,0.2,20,4,16
31817706,0,20,0,20
31849177,0.05,20,1,19
31887973,0,20,0,20
32102983,0.05,20,1,19
32125590,0.05,20,1,19
32126281,0.05,20,1,19
32398422,0,20,0,20
32467994,0.04,25,1,24
32498610,0,20,0,20
32577778,0,20,0,20
32592631,0.1,20,2,18
32644336,0.181818182,22,4,18
32710856,0.05,20,1,19
32749624,0,20,0,20
32847394,0.15,20,3,17
33013552,0.05,20,1,19
33071192,0.05,20,1,19
33214968,0.1,20,2,18
33282871,0.1,20,2,18
33452361,0,20,0,20
33518079,0.05,20,1,19
33580866,0,20,0,20
33622085,0.05,20,1,19
33651880,0.05,20,1,19
33659046,0.1,20,2,18
33706322,0,20,0,20
33778112,0.05,20,1,19
33865373,0.2,20,4,16
33910513,0,25,0,25
33995654,0,20,0,20
34040508,0.05,20,1,19
34102593,0,20,0,20
34177747,0.05,20,1,19
34281672,0,20,0,20
34384042,0,21,0,21
34442062,0.1,20,2,18
34582304,0.05,20,1,19
34658438,0,20,0,20
34901647,0.15,20,3,17
34919318,0.2,20,4,16
35009482,0.1,20,2,18
35039277,0.1,20,2,18
35047392,0,20,0,20
35153301,0,20,0,20
35177894,0,20,0,20
35227774,0.05,20,1,19
35264447,0,20,0,20
35330593,0.1,20,2,18
35388317,0.05,20,1,19
35433662,0,20,0,20
35701646,0.25,20,5,15
35729292,0,20,0,20
35849335,0.05,20,1,19
35864169,0.05,20,1,19
36349097,0,20,0,20
36404933,0.15,20,3,17
36439985,0.05,20,1,19
36502549,0.05,20,1,19
36546868,0.1,20,2,18
36557643,0,20,0,20
36791999,0,20,0,20
36978196,0.05,20,1,19
37294596,0.05,20,1,19
37422528,0.05,20,1,19
37435998,0.15,20,3,17
37466720,0.15,20,3,17
37490443,0.1,20,2,18
37708732,0,20,0,20
37723786,0.05,20,1,19
37766583,0,20,0,20
37827989,0.1,20,2,18
37829487,0.05,20,1,19
38049880,0.05,20,1,19
38179194,0,20,0,20
38317154,0,20,0,20
38323067,0,20,0,20
38436635,0,20,0,20
38465050,0,20,0,20
38731746,0,20,0,20
38950395,0,22,0,22
39037163,0.05,20,1,19
39082468,0.05,20,1,19
39146470,0.1,20,2,18
39319649,0,20,0,20
39322716,0.05,20,1,19
39334748,0.1,20,2,18
39361297,0,20,0,20
39403038,0.05,20,1,19
39446138,0.05,20,1,19
39524248,0,20,0,20
39622853,0.05,20,1,19
39758678,0,20,0,20
39760170,0,20,0,20
39834113,0,20,0,20
39899978,0.086956522,23,2,21
39941720,0.1,20,2,18
40051659,0.05,20,1,19
40080833,0.05,20,1,19
40212239,0.05,20,1,19
40280688,0.05,20,1,19
40289887,0.1,20,2,18
40652120,0,20,0,20
40754921,0,20,0,20
40797591,0,20,0,20
41559627,0.05,20,1,19
41606445,0.05,20,1,19
41719717,0.1,20,2,18
41883229,0.1,20,2,18
41883322,0,20,0,20
41887439,0,20,0,20
42005897,0.1,20,2,18
42061089,0.041666667,24,1,23
42099265,0.05,20,1,19
42198457,0,20,0,20
42298912,0.05,20,1,19
42363887,0,20,0,20
42380987,0.05,20,1,19
42657809,0.045454545,22,1,21
42681063,0,20,0,20
42695514,0.1,20,2,18
42771635,0,20,0,20
42849279,0.05,20,1,19
42928788,0,20,0,20
42935819,0.05,20,1,19
43114966,0,20,0,20
43160799,0,20,0,20
43186470,0,20,0,20
43284145,0.05,20,1,19
43360645,0.15,20,3,17
43607599,0.1,20,2,18
43684632,0.043478261,23,1,22
43700700,0,20,0,20
43908860,0.15,20,3,17
43913966,0.076923077,26,2,24
43936108,0,20,0,20
43955374,0.05,20,1,19
44010163,0,20,0,20
44021324,0,20,0,20
44153929,0,20,0,20
44156169,0,20,0,20
44169472,0,20,0,20
44240866,0.05,20,1,19
44314169,0.15,20,3,17
44321815,0.05,20,1,19
44370809,0.037037037,27,1,26
44426653,0.05,20,1,19
44472980,0.090909091,22,2,20
44482198,0,20,0,20
44545959,0,20,0,20
44755776,0.05,20,1,19
44866715,0.05,20,1,19
44874005,0.1,20,2,18
44946470,0,20,0,20
45030250,0.05,20,1,19
45094639,0,26,0,26
45118807,0.05,20,1,19
45145682,0,20,0,20
45292137,0,20,0,20
45353031,0,20,0,20
45411694,0.05,20,1,19
45422636,0,20,0,20
45532207,0,20,0,20
45592640,0,20,0,20
45617627,0.125,24,3,21
45774794,0,20,0,20
45970552,0,20,0,20
45974860,0.15,20,3,17
46009414,0.05,20,1,19
46028967,0.2,20,4,16
46030552,0.05,20,1,19
46055854,0.1,20,2,18
46178364,0.15,20,3,17
46252394,0.05,20,1,19
46301758,0.05,20,1,19
46405162,0,20,0,20
46534663,0,20,0,20
46542904,0,20,0,20
46585543,0,20,0,20
46607365,0,20,0,20
46637811,0.15,20,3,17
46759859,0.05,20,1,19
46785501,0.047619048,21,1,20
46951849,0.05,20,1,19
46957399,0,20,0,20
47063596,0.05,20,1,19
47163562,0,20,0,20
47164966,0,20,0,20
47240858,0.1,20,2,18
47271668,0.1,20,2,18
47291376,0.1,20,2,18
47296055,0,20,0,20
47364777,0,20,0,20
47384202,0.05,20,1,19
47384303,0.15,20,3,17
47457723,0.1,20,2,18
47500408,0,20,0,20
47524459,0,20,0,20
47672756,0.1,20,2,18
47728342,0.1,20,2,18
47773209,0.05,20,1,19
47887890,0,20,0,20
48028873,0.05,20,1,19
48058475,0,20,0,20
48080423,0,20,0,20
48118779,0.1,20,2,18
48149238,0.047619048,21,1,20
48175931,0,20,0,20
48239695,0.05,20,1,19
48334326,0,20,0,20
48365975,0,20,0,20
48386574,0.05,20,1,19
48449055,0,20,0,20
48456902,0.05,20,1,19
48492052,0,20,0,20
48525807,0.2,20,4,16
48626533,0,20,0,20
48666962,0,20,0,20
48798067,0.038461538,26,1,25
48845802,0.05,20,1,19
48984158,0.05,20,1,19
48984341,0.1,20,2,18
49050405,0.05,20,1,19
49063269,0.05,20,1,19
49191483,0.05,20,1,19
49228258,0.05,20,1,19
49312497,0.15,20,3,17
49342564,0,20,0,20
49350285,0.05,20,1,19
49380630,0,20,0,20
49413665,0,20,0,20
49462664,0.05,20,1,19
49624770,0,20,0,20
49629862,0.05,20,1,19
49630184,0,20,0,20
49724738,0,20,0,20
49767455,0.1,20,2,18
49769103,0.05,20,1,19
49832324,0.2,20,4,16
49893565,0.25,20,5,15
50032397,0.1,20,2,18
50095094,0,20,0,20
50131557,0.05,20,1,19
50229934,0.05,20,1,19
50275189,0,20,0,20
50305489,0,20,0,20
50553129,0.15,20,3,17
50600002,0,20,0,20
50700418,0.05,20,1,19
50744279,0.2,20,4,16
50769696,0.15,20,3,17
50797633,0.1,20,2,18
50801801,0.05,20,1,19
50811344,0.05,20,1,19
50818751,0.05,20,1,19
51085779,0.074074074,27,2,25
51132884,0.05,20,1,19
51293702,0.1,20,2,18
51300149,0,20,0,20
51382080,0,20,0,20
51557405,0.1,20,2,18
51558260,0,20,0,20
51699341,0.2,20,4,16
51822361,0.25,20,5,15
51905751,0,20,0,20
51941260,0,20,0,20
52203520,0,20,0,20
52217458,0,20,0,20
52321307,0.2,20,4,16
52435421,0.05,20,1,19
52545855,0,20,0,20
52567955,0.05,20,1,19
52723676,0,20,0,20
52731290,0.15,20,3,17
52863875,0,20,0,20
52907921,0.05,20,1,19
52942891,0,20,0,20
53091150,0.1,20,2,18
53097340,0,20,0,20
53245953,0.05,20,1,19
53258793,0,20,0,20
53621752,0.05,20,1,19
53711793,0.2,20,4,16
53779471,0.05,20,1,19
53784377,0,20,0,20
53875128,0.05,20,1,19
53898495,0.05,20,1,19
53901705,0.1,20,2,18
53986832,0,20,0,20
54103616,0,20,0,20
54194546,0.1,20,2,18
54291917,0,20,0,20
54293428,0.15,20,3,17
54310644,0.2,20,4,16
54402999,0,20,0,20
54477968,0,20,0,20
54507379,0,20,0,20
54568397,0.05,20,1,19
54637394,0.15,20,3,17
54761333,0,20,0,20
54826284,0,20,0,20
54999247,0,20,0,20
55112407,0.1,20,2,18
55143039,0,20,0,20
55300764,0.05,20,1,19
55319994,0.05,20,1,19
55334302,0.05,20,1,19
55352649,0.05,20,1,19
55367062,0.05,20,1,19
55426012,0,20,0,20
55457113,0,20,0,20
55623839,0.05,20,1,19
55672384,0,20,0,20
55739825,0.05,20,1,19
55751308,0.05,20,1,19
55755821,0,20,0,20
55761025,0,20,0,20
55763300,0,20,0,20
55776971,0.1,20,2,18
55906572,0.05,20,1,19
55975168,0.1,20,2,18
56002861,0,20,0,20
56038151,0.15,20,3,17
56219610,0.05,20,1,19
56256991,0,20,0,20
56333620,0.05,20,1,19
56413349,0.05,20,1,19
56436338,0.1,20,2,18
56436989,0.05,20,1,19
56684410,0.1,20,2,18
56789999,0,20,0,20
56840402,0,20,0,20
56899274,0,20,0,20
56957512,0,20,0,20
57033787,0.05,20,1,19
57103808,0.15,20,3,17
57226729,0.05,20,1,19
57234698,0,20,0,20
57271785,0.15,20,3,17
57368001,0.15,20,3,17
57415686,0.05,20,1,19
57424113,0,20,0,20
57433226,0.05,20,1,19
57451291,0.1,20,2,18
57500988,0,20,0,20
57541240,0,20,0,20
57603447,0.05,20,1,19
57770056,0.05,20,1,19
57798235,0,20,0,20
57810800,0,20,0,20
57905818,0,20,0,20
57974873,0,20,0,20
58029555,0,20,0,20
58057627,0,20,0,20
58129717,0,20,0,20
58217836,0,20,0,20
58223726,0,20,0,20
58237510,0,20,0,20
58252208,0,20,0,20
58289184,0,20,0,20
58297398,0,20,0,20
58298928,0.05,20,1,19
58316550,0,20,0,20
58345543,0.05,20,1,19
58411748,0.05,20,1,19
58431944,0,20,0,20
58435428,0.15,20,3,17
58439284,0.05,20,1,19
58481977,0,20,0,20
58529751,0,20,0,20
58530556,0.05,20,1,19
58618147,0,20,0,20
58640737,0.05,20,1,19
58724834,0,20,0,20
58761868,0.05,20,1,19
58768356,0,20,0,20
58794630,0,20,0,20
58830050,0.1,20,2,18
58893462,0,20,0,20
58905429,0.04,25,1,24
58907890,0,20,0,20
58931437,0.15,20,3,17
58953935,0.05,20,1,19
59005471,0,20,0,20
59087317,0,20,0,20
59099129,0,20,0,20
59115473,0,20,0,20
59157389,0.05,20,1,19
59205262,0,20,0,20
59234901,0,20,0,20
59332369,0,20,0,20
59382844,0.1,20,2,18
59383825,0,20,0,20
59477039,0,20,0,20
59529444,0.15,20,3,17
59536273,0.1,20,2,18
59575100,0,20,0,20
59662830,0.2,20,4,16
59756932,0,20,0,20
59773143,0.1,20,2,18
59790700,0.2,20,4,16
59825286,0,20,0,20
59837634,0,20,0,20
59925638,0.086956522,23,2,21
59945701,0,20,0,20
60074997,0,20,0,20
60113114,0,20,0,20
60210313,0.15,20,3,17
60217594,0.1,20,2,18
60227446,0,20,0,20
60296891,0.05,20,1,19
60343142,0,20,0,20
60439399,0,20,0,20
60549077,0,20,0,20
60557056,0,20,0,20
60608576,0.15,20,3,17
60611062,0.045454545,22,1,21
60706503,0.1,20,2,18
60744461,0.1,20,2,18
60859324,0.05,20,1,19
60859695,0.15,20,3,17
60958088,0,20,0,20
61031710,0,20,0,20
61046224,0,20,0,20
61070572,0.05,20,1,19
61086207,0,20,0,20
61189155,0.15,20,3,17
61389725,0,20,0,20
61428062,0,20,0,20
61439397,0,20,0,20
61506388,0.1,20,2,18
61632730,0.1,20,2,18
61676491,0.05,20,1,19
61772065,0.05,20,1,19
61779218,0.1,20,2,18
61806811,0,20,0,20
62078957,0.05,20,1,19
62097332,0.05,20,1,19
62478196,0,20,0,20
62481936,0,20,0,20
62486194,0.05,20,1,19
62545742,0,20,0,20
62633395,0.1,20,2,18
62654923,0.05,20,1,19
62705916,0.15,20,3,17
62811725,0,20,0,20
62858973,0,20,0,20
62878249,0.05,20,1,19
62985928,0,20,0,20
62990992,0,20,0,20
63098418,0.1,20,2,18
63157803,0.038461538,26,1,25
63276972,0.1,20,2,18
63441045,0,20,0,20
63441290,0,20,0,20
63615483,0.05,20,1,19
63702300,0.05,20,1,19
63895034,0,20,0,20
63965791,0,20,0,20
63990035,0,20,0,20
63993064,0,20,0,20
64019582,0,20,0,20
64023574,0,20,0,20
64027842,0.05,20,1,19
64060101,0.05,20,1,19
64137709,0,20,0,20
64261708,0,20,0,20
64307328,0,20,0,20
64319625,0.05,20,1,19
64350487,0,20,0,20
64350600,0,20,0,20
64368515,0.05,20,1,19
64369759,0.1,20,2,18
64392327,0.1,20,2,18
64514291,0.05,20,1,19
64611580,0,21,0,21
64754418,0,20,0,20
64787956,0.15,20,3,17
64973908,0.2,20,4,16
65064340,0.1,20,2,18
65117175,0,20,0,20
65145468,0.15,20,3,17
65147980,0,20,0,20
65152385,0,20,0,20
65155942,0,20,0,20
65173746,0.05,20,1,19
65200468,0,20,0,20
65229865,0.05,20,1,19
65244880,0,20,0,20
65315657,0.1,20,2,18
65342306,0,20,0,20
65350586,0.1,20,2,18
65398650,0.15,20,3,17
65420540,0,20,0,20
65610147,0,20,0,20
65716118,0.1,20,2,18
65754991,0.15,20,3,17
65872385,0,20,0,20
65895047,0.05,20,1,19
65909415,0.25,20,5,15
65935023,0,20,0,20
65958466,0.1,20,2,18
66052983,0,20,0,20
66078954,0.05,20,1,19
66211595,0,20,0,20
66255019,0.05,20,1,19
66357156,0.05,20,1,19
66438889,0,20,0,20
66464409,0.076923077,26,2,24
66508737,0.05,20,1,19
66530362,0,23,0,23
66596291,0.090909091,22,2,20
66615366,0.05,20,1,19
66650717,0.1,20,2,18
66687732,0,20,0,20
66755246,0,24,0,24
66939289,0,20,0,20
66950079,0.05,20,1,19
67001780,0.1,20,2,18
67083031,0.05,20,1,19
67176371,0.1,20,2,18
67244867,0.05,20,1,19
67349307,0.1,20,2,18
67492611,0.05,20,1,19
67530228,0,20,0,20
67579257,0.05,20,1,19
67628444,0,20,0,20
67633077,0,20,0,20
67694595,0,20,0,20
67708331,0.05,20,1,19
67713900,0,20,0,20
67729331,0,20,0,20
67965357,0,20,0,20
68049243,0,20,0,20
68200610,0,20,0,20
68224834,0,20,0,20
68240622,0,20,0,20
68316900,0.1,20,2,18
68325099,0,20,0,20
68337019,0,20,0,20
68532738,0,20,0,20
68540434,0.05,20,1,19
68672269,0,20,0,20
68685708,0,20,0,20
68719896,0.05,20,1,19
68809194,0,20,0,20
68963476,0.05,20,1,19
69009454,0.05,20,1,19
69180564,0.05,20,1,19
69434488,0,20,0,20
69587339,0,20,0,20
69652738,0,20,0,20
69828237,0,20,0,20
69849141,0,20,0,20
69856757,0.1,20,2,18
69946630,0,20,0,20
69953893,0.05,20,1,19
69954842,0,21,0,21
70075801,0,20,0,20
70180527,0,20,0,20
70327507,0.05,20,1,19
70351792,0,20,0,20
70381757,0,20,0,20
70398582,0,20,0,20
70408902,0,20,0,20
70489471,0.05,20,1,19
70591968,0,23,0,23
70737757,0,20,0,20
70778973,0.05,20,1,19
70779914,0,20,0,20
70780053,0.05,20,1,19
70844556,0.05,20,1,19
70915652,0.1,20,2,18
70967454,0,20,0,20
70970228,0,20,0,20
71082079,0,20,0,20
71323029,0,20,0,20
71331921,0,20,0,20
71335402,0,20,0,20
71390526,0.05,20,1,19
71411882,0.1,20,2,18
71498571,0,21,0,21
71510748,0.05,20,1,19
71527252,0.15,20,3,17
71603645,0,20,0,20
71704418,0.05,20,1,19
71777065,0.05,20,1,19
71871620,0.05,20,1,19
71875007,0.1,20,2,18
71888942,0.15,20,3,17
71952079,0,20,0,20
72135587,0,20,0,20
72207742,0,20,0,20
72387826,0,20,0,20
72417734,0,20,0,20
72488020,0,20,0,20
72523666,0,20,0,20
72613527,0.1,20,2,18
72627862,0.1,20,2,18
72717958,0,20,0,20
72842694,0.05,20,1,19
72907554,0,20,0,20
72930582,0.05,20,1,19
72958745,0.05,20,1,19
72978546,0.15,20,3,17
72989129,0.2,20,4,16
72996988,0,20,0,20
73094362,0.05,20,1,19
73195149,0.05,20,1,19
73231305,0.05,20,1,19
73305545,0.05,20,1,19
73495968,0.05,20,1,19
73513367,0,20,0,20
73518199,0,20,0,20
73564778,0,20,0,20
73721802,0.05,20,1,19
73726855,0.05,20,1,19
73835640,0,23,0,23
74021124,0,20,0,20
74126541,0.05,20,1,19
74157312,0,20,0,20
74161590,0.1,20,2,18
74347105,0.107142857,28,3,25
74521316,0,20,0,20
74764496,0,20,0,20
74772820,0.05,20,1,19
74855005,0.1,20,2,18
74897172,0.05,20,1,19
75001116,0,20,0,20
75011941,0,20,0,20
75064242,0,20,0,20
75134679,0,20,0,20
75155353,0.1,20,2,18
75182781,0,20,0,20
75232211,0.1,20,2,18
75240572,0,20,0,20
75273484,0.15,20,3,17
75277726,0,20,0,20
75368808,0.136363636,22,3,19
75457821,0,20,0,20
75463760,0.05,20,1,19
75508144,0,20,0,20
75598925,0.05,20,1,19
75639638,0,20,0,20
75689918,0,20,0,20
75738431,0,20,0,20
75864605,0,20,0,20
75970863,0,20,0,20
76027799,0.1,20,2,18
76032287,0,20,0,20
76046711,0,20,0,20
76296787,0,20,0,20
76420334,0,20,0,20
76451157,0,20,0,20
76892907,0.083333333,24,2,22
77124916,0,20,0,20
77127388,0.05,20,1,19
77194086,0.05,20,1,19
77194239,0.1,20,2,18
77214425,0.2,20,4,16
77279068,0.05,20,1,19
77310637,0,20,0,20
77387906,0,20,0,20
77446275,0,20,0,20
77542968,0,20,0,20
77565315,0.05,20,1,19
77665527,0.05,20,1,19
77792512,0,22,0,22
77818807,0,20,0,20
77830706,0.08,25,2,23
77870593,0,20,0,20
77903318,0,20,0,20
77905942,0,20,0,20
77924328,0,20,0,20
77980915,0.08,25,2,23
78053539,0.15,20,3,17
78309377,0.05,20,1,19
78332414,0.05,20,1,19
78341587,0.2,20,4,16
78560022,0,20,0,20
78671103,0,20,0,20
78799565,0.05,20,1,19
79017735,0.05,20,1,19
79073449,0,21,0,21
79155765,0,20,0,20
79211079,0.15,20,3,17
79243080,0,20,0,20
79319075,0.05,20,1,19
79411077,0.05,20,1,19
79474322,0.05,20,1,19
79542039,0.05,20,1,19
79658056,0,21,0,21
79715089,0.1,20,2,18
79869158,0,20,0,20
80022321,0,20,0,20
80067793,0,20,0,20
80098179,0.05,20,1,19
80128229,0.142857143,21,3,18
80145435,0,20,0,20
80164199,0.05,20,1,19
80189887,0.1,20,2,18
80239919,0,20,0,20
80250756,0,20,0,20
80265154,0.1,20,2,18
80351692,0,20,0,20
80363319,0.1,20,2,18
80384872,0.1,20,2,18
80471276,0,20,0,20
80494893,0,20,0,20
80511960,0.2,20,4,16
80550861,0,20,0,20
80604456,0,20,0,20
80630217,0.05,20,1,19
80650761,0.1,20,2,18
80779496,0.2,20,4,16
80988171,0,20,0,20
81054122,0.05,20,1,19
81139130,0,20,0,20
81151589,0,20,0,20
81160212,0.05,20,1,19
81170946,0,20,0,20
81439192,0.15,20,3,17
81556495,0,20,0,20
81579335,0.1,20,2,18
81585721,0,20,0,20
81591317,0.05,20,1,19
81672131,0,20,0,20
81678279,0,20,0,20
81743539,0,20,0,20
81746734,0.1,20,2,18
81943620,0.1,20,2,18
82020006,0.05,20,1,19
82029808,0.05,20,1,19
82046939,0.15,20,3,17
82071844,0,20,0,20
82112070,0,20,0,20
82156706,0.1,20,2,18
82174211,0.05,20,1,19
82203951,0.05,20,1,19
82212295,0,20,0,20
82263745,0.15,20,3,17
82287546,0.130434783,23,3,20
82352462,0.2,20,4,16
82385352,0.05,20,1,19
82418411,0,20,0,20
82436907,0.05,20,1,19
82438562,0,20,0,20
82512087,0,20,0,20
82686146,0,20,0,20
82778779,0,20,0,20
82961224,0,20,0,20
83090686,0.05,20,1,19
83123832,0,20,0,20
83135348,0,20,0,20
83148759,0,20,0,20
83168693,0,20,0,20
83188092,0.05,20,1,19
83234559,0,20,0,20
83336644,0,20,0,20
83420834,0.05,20,1,19
83497449,0,20,0,20
83599495,0,20,0,20
83625754,0.1,20,2,18
83671083,0.05,20,1,19
83681553,0.05,20,1,19
83746733,0,20,0,20
83770731,0,20,0,20
83849502,0,20,0,20
83975567,0.1,20,2,18
83992730,0.05,20,1,19
84045371,0,20,0,20
84221022,0,21,0,21
84318201,0,20,0,20
84432612,0,21,0,21
84455820,0.1,20,2,18
84471496,0,20,0,20
84513749,0,20,0,20
84585204,0,20,0,20
84883272,0,20,0,20
84908294,0,20,0,20
84925352,0.05,20,1,19
85046830,0,20,0,20
85210874,0,20,0,20
85366890,0.05,20,1,19
85426082,0,20,0,20
85458882,0.1,20,2,18
85497862,0.05,20,1,19
85518568,0,20,0,20
85643975,0.05,20,1,19
85673716,0,20,0,20
85714521,0.05,20,1,19
85759872,0.05,20,1,19
85935348,0,20,0,20
85959768,0.05,20,1,19
86016715,0,20,0,20
86041729,0.05,20,1,19
86055705,0,20,0,20
86150792,0,20,0,20
86168617,0,20,0,20
86182317,0,20,0,20
86256882,0.1,20,2,18
86287245,0.05,20,1,19
86332470,0.05,20,1,19
86338111,0.05,20,1,19
86433707,0.1,20,2,18
86466985,0,20,0,20
86469479,0.1,20,2,18
86481908,0.1,20,2,18
86499586,0.2,20,4,16
86502662,0.05,20,1,19
86732465,0.05,20,1,19
86733992,0.2,20,4,16
86738567,0,20,0,20
86779448,0,20,0,20
86866292,0,20,0,20
86912006,0,20,0,20
87040683,0.05,20,1,19
87071236,0.15,20,3,17
87162199,0,20,0,20
87201181,0.05,20,1,19
87273930,0,20,0,20
87341384,0.095238095,21,2,19
87445402,0,20,0,20
87601770,0.05,20,1,19
87601937,0.05,20,1,19
87694960,0,20,0,20
87734805,0.15,20,3,17
87740709,0,20,0,20
87753149,0.05,20,1,19
87832209,0,20,0,20
87907200,0,20,0,20
88022225,0,20,0,20
88035166,0.05,20,1,19
88152309,0.1,20,2,18
88199811,0,20,0,20
88248085,0,20,0,20
88271258,0.05,20,1,19
88290913,0.05,20,1,19
88296152,0,20,0,20
88344296,0,20,0,20
88352678,0.1,20,2,18
88410966,0,20,0,20
88493668,0,20,0,20
88525821,0.1,20,2,18
88579585,0.037037037,27,1,26
88603472,0,20,0,20
88659639,0.05,20,1,19
88705345,0,21,0,21
88775181,0.1,20,2,18
88883891,0,20,0,20
88921433,0.05,20,1,19
89005236,0,23,0,23
89226643,0,20,0,20
89286594,0,20,0,20
89479298,0,20,0,20
89523414,0.05,20,1,19
89691468,0.05,20,1,19
89732768,0,23,0,23
89752173,0,20,0,20
90033155,0.05,20,1,19
90037349,0.04,25,1,24
90104676,0.05,20,1,19
90117736,0.05,20,1,19
90272527,0.05,20,1,19
90302081,0,24,0,24
90541290,0.05,20,1,19
90672622,0.05,20,1,19
90711776,0,20,0,20
90726321,0,20,0,20
90786657,0.05,20,1,19
90884508,0,20,0,20
90956570,0,20,0,20
91293844,0.05,20,1,19
91303257,0,20,0,20
91627755,0,20,0,20
91687359,0.05,20,1,19
91690667,0.1,20,2,18
91729217,0.05,20,1,19
91800733,0.047619048,21,1,20
91807066,0,20,0,20
91828380,0.05,20,1,19
91859894,0,20,0,20
91871147,0.1,20,2,18
91881892,0,22,0,22
91883012,0.05,20,1,19
91952768,0.05,20,1,19
92025878,0,20,0,20
92107940,0,20,0,20
92173524,0,23,0,23
92250668,0,20,0,20
92276000,0,20,0,20
92393218,0,20,0,20
92436417,0.05,20,1,19
92482012,0,20,0,20
92484390,0,20,0,20
92503355,0.05,20,1,19
92593907,0,20,0,20
92595907,0,20,0,20
92600849,0.1,20,2,18
92612763,0.1,20,2,18
92663477,0,20,0,20
92842632,0,20,0,20
92843672,0,20,0,20
92904111,0.05,20,1,19
92914917,0.05,20,1,19
92940732,0.1,20,2,18
92958887,0.05,20,1,19
93030550,0,20,0,20
93085014,0,20,0,20
93108463,0,20,0,20
93189271,0.1,20,2,18
93259090,0,20,0,20
93275329,0.05,20,1,19
93300963,0,20,0,20
93341815,0,20,0,20
93413084,0,20,0,20
93478035,0,20,0,20
93644606,0,20,0,20
93669877,0,20,0,20
93724705,0.05,20,1,19
93882483,0,20,0,20
94019469,0,20,0,20
94088853,0,20,0,20
94110492,0.1,20,2,18
94120095,0,20,0,20
94142618,0,20,0,20
94161846,0.05,20,1,19
94195027,0.05,20,1,19
94229851,0.05,20,1,19
94269421,0,20,0,20
94299484,0.15,20,3,17
94428876,0.05,20,1,19
94510414,0,20,0,20
94521606,0.05,20,1,19
94670160,0.05,20,1,19
94689795,0,20,0,20
94708312,0,20,0,20
94712912,0,20,0,20
94851051,0,20,0,20
94908699,0,20,0,20
94936385,0,20,0,20
95037089,0,20,0,20
95044091,0,20,0,20
95059220,0,20,0,20
95084569,0.05,20,1,19
95132622,0,21,0,21
95137775,0,20,0,20
95181268,0.1,20,2,18
95279056,0.1,20,2,18
95325409,0.1,20,2,18
95440541,0,20,0,20
95531306,0,20,0,20
95695156,0,20,0,20
95699780,0.05,20,1,19
95780749,0,20,0,20
95853467,0,20,0,20
95898619,0,20,0,20
95911580,0.05,20,1,19
95930936,0,26,0,26
95996939,0,20,0,20
96014467,0.1,20,2,18
96167505,0,20,0,20
96204317,0.15,20,3,17
96249915,0.05,20,1,19
96269099,0,20,0,20
96282673,0,20,0,20
96400571,0,20,0,20
96504332,0,20,0,20
96556535,0,20,0,20
96588736,0.15,20,3,17
96696864,0,20,0,20
96836693,0,20,0,20
96914675,0,20,0,20
97069030,0,20,0,20
97298878,0,20,0,20
97614578,0,20,0,20
97622055,0.05,20,1,19
97634356,0,20,0,20
97667936,0,20,0,20
97782908,0,20,0,20
97818502,0,20,0,20
97843739,0,21,0,21
98265922,0,20,0,20
98312003,0.1,20,2,18
98463542,0,20,0,20
98561727,0,20,0,20
98624963,0,20,0,20
98649241,0,20,0,20
98686446,0,20,0,20
98848653,0,21,0,21
98928829,0,20,0,20
99077905,0,22,0,22
99083518,0.05,20,1,19
99096740,0,20,0,20
99110207,0,20,0,20
99129765,0,20,0,20
99133844,0.05,20,1,19
99171164,0.1,20,2,18
99244433,0,20,0,20
99255590,0.05,20,1,19
99264709,0.05,20,1,19
99374297,0,20,0,20
99484728,0,20,0,20
99575517,0,21,0,21
99616757,0,20,0,20
99704390,0,20,0,20
99711581,0.05,20,1,19
99713453,0.05,20,1,19
99723205,0.05,20,1,19
99766416,0.05,20,1,19
100053304,0,20,0,20
100057229,0,20,0,20
100096071,0.15,20,3,17
100311267,0,20,0,20
100351493,0,20,0,20
100359523,0.05,20,1,19
100431715,0,20,0,20
100444456,0,20,0,20
100519466,0.05,20,1,19
100630947,0,20,0,20
100719181,0.05,20,1,19
100741663,0,20,0,20
100769089,0.15,20,3,17
100818860,0.1,20,2,18
100833937,0.05,20,1,19
100894366,0.1,20,2,18
100916842,0.05,20,1,19
100993239,0,20,0,20
101000574,0,20,0,20
101142088,0.15,20,3,17
101212067,0,20,0,20
101339059,0.05,20,1,19
101369449,0,23,0,23
101529420,0.05,20,1,19
101530848,0,20,0,20
101596530,0.05,20,1,19
101602586,0.05,20,1,19
101656933,0,20,0,20
101687527,0.05,20,1,19
101690993,0,20,0,20
101695880,0,20,0,20
101725007,0,20,0,20
101731521,0,20,0,20
101878879,0,20,0,20
102016550,0,20,0,20
102111851,0,20,0,20
102263723,0.05,20,1,19
102268574,0.05,20,1,19
102270213,0.05,20,1,19
102295765,0.05,20,1,19
102454403,0,20,0,20
102539470,0,20,0,20
102552233,0,20,0,20
102825821,0.05,20,1,19
102921672,0,20,0,20
102927775,0,20,0,20
102950472,0,20,0,20
103093573,0,20,0,20
103260848,0.05,20,1,19
103371488,0.05,20,1,19
103411746,0,20,0,20
103445207,0,20,0,20
103563010,0,20,0,20
103624897,0.05,20,1,19
103631407,0.05,20,1,19
103638409,0.05,20,1,19
103690917,0,20,0,20
103731895,0.05,20,1,19
103804924,0.05,20,1,19
103848468,0.05,20,1,19
103911620,0,20,0,20
104032602,0,20,0,20
104055167,0.1,20,2,18
104120883,0.05,20,1,19
104159428,0,20,0,20
104418870,0,20,0,20
104721942,0.05,20,1,19
104727643,0,20,0,20
104830836,0.05,20,1,19
104870123,0.05,20,1,19
105024602,0,20,0,20
105028982,0,20,0,20
105159791,0,20,0,20
105243827,0.15,20,3,17
105274697,0,20,0,20
105384518,0,20,0,20
105445346,0,20,0,20
105503045,0.15,20,3,17
105585767,0,20,0,20
105586920,0.15,20,3,17
105725769,0,20,0,20
105736077,0.05,20,1,19
105782521,0.05,20,1,19
105788297,0.05,20,1,19
105877396,0,20,0,20
106042595,0,20,0,20
106057222,0,20,0,20
106099216,0.05,20,1,19
106132774,0,21,0,21
106147454,0.05,20,1,19
106170243,0,20,0,20
106235885,0,21,0,21
106238372,0,27,0,27
106259770,0,20,0,20
106333903,0.05,20,1,19
106346875,0,20,0,20
106578843,0.1,20,2,18
106592046,0,20,0,20
106760673,0.1,20,2,18
106796307,0,20,0,20
106806146,0.15,20,3,17
106816274,0,20,0,20
106834867,0.1,20,2,18
106956838,0,20,0,20
106980036,0,20,0,20
106986812,0,20,0,20
107028289,0.05,20,1,19
107107474,0,20,0,20
107123140,0,20,0,20
107124480,0,20,0,20
107124497,0,20,0,20
107131506,0.1,20,2,18
107273897,0,20,0,20
107324790,0.05,20,1,19
107377573,0.1,20,2,18
107417121,0,20,0,20
107452765,0.25,20,5,15
107476377,0,20,0,20
107567915,0,20,0,20
107623882,0,20,0,20
107743243,0.05,20,1,19
107818793,0,20,0,20
107841348,0,20,0,20
107913460,0,20,0,20
107977716,0,20,0,20
107984181,0.1,20,2,18
108007732,0,20,0,20
108114779,0.1,20,2,18
108160472,0.05,20,1,19
108223505,0.05,20,1,19
108264287,0.1,20,2,18
108454875,0,20,0,20
108560573,0,20,0,20
108575170,0,20,0,20
108595389,0,20,0,20
108639015,0.05,20,1,19
108750879,0.1,20,2,18
108877388,0,20,0,20
108878910,0,20,0,20
108943853,0,20,0,20
108950666,0,20,0,20
109165920,0,20,0,20
109173829,0,20,0,20
109175936,0.05,20,1,19
109201849,0,20,0,20
109205612,0.05,20,1,19
109207860,0,20,0,20
109373866,0.05,20,1,19
109592594,0.05,20,1,19
109598076,0,20,0,20
109669093,0.05,20,1,19
109780632,0,20,0,20
109967112,0,21,0,21
110104967,0.05,20,1,19
110107925,0.05,20,1,19
110160904,0,20,0,20
110194091,0,20,0,20
110226344,0,20,0,20
110238251,0.05,20,1,19
110248234,0,20,0,20
110304379,0,20,0,20
110369840,0.05,20,1,19
110397537,0.05,20,1,19
110412872,0.05,20,1,19
110470534,0.047619048,21,1,20
110478090,0.05,20,1,19
110478743,0,20,0,20
110489310,0,20,0,20
110546460,0,20,0,20
110546832,0,20,0,20
110650041,0.05,20,1,19
110658990,0.05,20,1,19
110824765,0.05,20,1,19
110843185,0,20,0,20
110881546,0,20,0,20
110899658,0,20,0,20
110906645,0.05,20,1,19
111003065,0.1,20,2,18
111044780,0,20,0,20
111130695,0.2,20,4,16
111163130,0,20,0,20
111182405,0.05,20,1,19
111202525,0,20,0,20
111212436,0,20,0,20
111316830,0.05,20,1,19
111362598,0.05,20,1,19
111422562,0,20,0,20
111442295,0,20,0,20
111498455,0.1,20,2,18
111529766,0,20,0,20
111551727,0.05,20,1,19
111754806,0.136363636,22,3,19
112110682,0.05,20,1,19
112199961,0.15,20,3,17
112376397,0,20,0,20
112504953,0,20,0,20
112547463,0,20,0,20
112626210,0,20,0,20
112763045,0.05,20,1,19
112845094,0.1,20,2,18
112849197,0.05,20,1,19
112939816,0,20,0,20
112962796,0,20,0,20
112986636,0,20,0,20
112994491,0.1,20,2,18
113039667,0.05,20,1,19
113124720,0,20,0,20
113186568,0.1,20,2,18
113196318,0,20,0,20
113224251,0,20,0,20
113227222,0.05,20,1,19
113260911,0.05,20,1,19
113268833,0,20,0,20
113300324,0.05,20,1,19
113312586,0.15,20,3,17
113321644,0.05,20,1,19
113423671,0,20,0,20
113544961,0,20,0,20
113546110,0.05,20,1,19
113557935,0,20,0,20
113580708,0.05,20,1,19
113729479,0,20,0,20
113752996,0,20,0,20
114000267,0,27,0,27
114024939,0,20,0,20
114030647,0.05,20,1,19
114324869,0,20,0,20
114325392,0,20,0,20
114364553,0,20,0,20
114447625,0,20,0,20
114578751,0,20,0,20
114617787,0,20,0,20
114632006,0.05,20,1,19
114637687,0,20,0,20
114727578,0,20,0,20
114838001,0,20,0,20
114912926,0,20,0,20
114924461,0,20,0,20
114972372,0,20,0,20
115008799,0,20,0,20
115037563,0,20,0,20
115167911,0,20,0,20
115192877,0,20,0,20
115287826,0,20,0,20
115396529,0,20,0,20
115487966,0.1,20,2,18
115567288,0,20,0,20
115571373,0.05,20,1,19
115632831,0.136363636,22,3,19
115655987,0,20,0,20
115671217,0.05,20,1,19
115784259,0.05,20,1,19
115806772,0,20,0,20
115958331,0,20,0,20
115959445,0,20,0,20
115996656,0.05,20,1,19
116283279,0.05,20,1,19
116325720,0.05,20,1,19
116411567,0,20,0,20
116478374,0,20,0,20
116482142,0,20,0,20
116494569,0.05,20,1,19
116515230,0.05,20,1,19
116564064,0.15,20,3,17
116617462,0.05,20,1,19
116876958,0.05,20,1,19
116912767,0,20,0,20
117022366,0.05,20,1,19
117097969,0.05,20,1,19
117312360,0,20,0,20
117345810,0.05,20,1,19
117370965,0,20,0,20
117402082,0,20,0,20
117488479,0.1,20,2,18
117531196,0.05,20,1,19
117581255,0,20,0,20
117601858,0.05,20,1,19
117657402,0,20,0,20
117663927,0.05,20,1,19
117695149,0,20,0,20
117949868,0.05,20,1,19
118086742,0,20,0,20
118189718,0.05,20,1,19
118541865,0,20,0,20
118554131,0,20,0,20
118585913,0.05,20,1,19
118664413,0.041666667,24,1,23
118693973,0.15,20,3,17
118695833,0,20,0,20
118723066,0.05,20,1,19
118792304,0.1,20,2,18
118838369,0,20,0,20
118852041,0.05,20,1,19
118971362,0,20,0,20
119211545,0,20,0,20
119236075,0,20,0,20
119239620,0,20,0,20
119310413,0.05,20,1,19
119368216,0,20,0,20
119428254,0,20,0,20
119530092,0,21,0,21
119619506,0.05,20,1,19
119909634,0,20,0,20
119937035,0.05,20,1,19
119949344,0.1,20,2,18
120106834,0.05,20,1,19
120113754,0,20,0,20
120116659,0,20,0,20
120139965,0.05,20,1,19
120164786,0,20,0,20
120237789,0,23,0,23
120420435,0,20,0,20
120421832,0,20,0,20
120514307,0,20,0,20
120523185,0,20,0,20
120696775,0,20,0,20
120725727,0,20,0,20
120838793,0.05,20,1,19
121133260,0,20,0,20
121199670,0,20,0,20
121255383,0,20,0,20
121280370,0.05,20,1,19
121291260,0,20,0,20
121360145,0,20,0,20
121497634,0.05,20,1,19
121865430,0.05,20,1,19
121884238,0.05,20,1,19
121891688,0,20,0,20
121900241,0.05,20,1,19
122026623,0.148148148,27,4,23
122094388,0,20,0,20
122332010,0,20,0,20
122444332,0,20,0,20
122492047,0,20,0,20
122551425,0,20,0,20
122620165,0.05,20,1,19
122658341,0.05,20,1,19
122679931,0,20,0,20
122798021,0.1,20,2,18
122803519,0,20,0,20
122847338,0,21,0,21
122956129,0.05,20,1,19
123052194,0,20,0,20
123101539,0.095238095,21,2,19
123142474,0,20,0,20
123165817,0.05,20,1,19
123461705,0.05,20,1,19
123483924,0.05,20,1,19
123625432,0.15,20,3,17
123696203,0.05,20,1,19
123734483,0.05,20,1,19
123904490,0.05,20,1,19
123974970,0,20,0,20
124059151,0.1,20,2,18
124070622,0,20,0,20
124234882,0,20,0,20
124400480,0.1,20,2,18
124437057,0.05,20,1,19
124443679,0,20,0,20
124462762,0,20,0,20
124556386,0.05,20,1,19
124641717,0,20,0,20
124651043,0.05,20,1,19
124663731,0,20,0,20
124712421,0,20,0,20
124725852,0.2,20,4,16
124776658,0,20,0,20
124810250,0,20,0,20
124878949,0.05,20,1,19
125017535,0.05,20,1,19
125141344,0.05,20,1,19
125353580,0,21,0,21
125424716,0,20,0,20
125589748,0,20,0,20
125682446,0.05,20,1,19
125912054,0,20,0,20
126098408,0,20,0,20
126191291,0,20,0,20
126200826,0.05,20,1,19
126269125,0.05,20,1,19
126340495,0,20,0,20
126388107,0,20,0,20
126425648,0,20,0,20
126428976,0,20,0,20
126471719,0.05,20,1,19
126522515,0.05,20,1,19
126595775,0.15,20,3,17
126701146,0,20,0,20
126796140,0,20,0,20
126868138,0,20,0,20
126877285,0,20,0,20
126887624,0,20,0,20
126992940,0,20,0,20
127072755,0.15,20,3,17
127117386,0,20,0,20
127208680,0.05,20,1,19
127220350,0,20,0,20
127272741,0,20,0,20
127311699,0.15,20,3,17
127325079,0,20,0,20
127335438,0,20,0,20
127344335,0,20,0,20
127426141,0,21,0,21
127461743,0,20,0,20
127555883,0,20,0,20
127594108,0.05,20,1,19
127628725,0.1,20,2,18
127788996,0,20,0,20
127813787,0,20,0,20
127850470,0,20,0,20
127992087,0,20,0,20
128207897,0,20,0,20
128470551,0.05,20,1,19
128593044,0,20,0,20
128651888,0.1,20,2,18
128790593,0,20,0,20
128925610,0.05,20,1,19
128956830,0,21,0,21
128964236,0,24,0,24
129081996,0,20,0,20
129102620,0,20,0,20
129114153,0.05,20,1,19
129117376,0.05,20,1,19
129211317,0.05,20,1,19
129300430,0.05,20,1,19
129364343,0,20,0,20
129371925,0,20,0,20
129391396,0.05,20,1,19
129478138,0.05,20,1,19
129501816,0.05,20,1,19
129520075,0.05,20,1,19
129925351,0,20,0,20
129966650,0.05,20,1,19
130051338,0,20,0,20
130201800,0,20,0,20
130280718,0,20,0,20
130312302,0.05,20,1,19
130324181,0.1,20,2,18
130351904,0,20,0,20
130369238,0,20,0,20
130460859,0,20,0,20
130470206,0,20,0,20
130534025,0,20,0,20
130547869,0.05,20,1,19
130764464,0,20,0,20
131023125,0,20,0,20
131032344,0,20,0,20
131130328,0,20,0,20
131227682,0,20,0,20
131227694,0,20,0,20
131348564,0.05,20,1,19
131377772,0,20,0,20
131386705,0,20,0,20
131394043,0,20,0,20
131444737,0.05,20,1,19
131463112,0.05,20,1,19
131473057,0.05,20,1,19
131539267,0,20,0,20
131610144,0,20,0,20
131785763,0.1,20,2,18
131876863,0.05,20,1,19
131940023,0.035714286,28,1,27
131962554,0,20,0,20
131973876,0,20,0,20
132014951,0.15,20,3,17
132180557,0.05,20,1,19
132196353,0,20,0,20
132300630,0.05,20,1,19
132418423,0.05,20,1,19
132593770,0,20,0,20
132732817,0,20,0,20
132748085,0.1,20,2,18
132852256,0.05,20,1,19
133024750,0,20,0,20
133228469,0,20,0,20
133234931,0,20,0,20
133268317,0,20,0,20
133268706,0.05,20,1,19
133378280,0.05,20,1,19
133404545,0,20,0,20
133422169,0,20,0,20
133439936,0,20,0,20
133534893,0,20,0,20
133680143,0,20,0,20
133719158,0.05,20,1,19
133938767,0.1,20,2,18
133964193,0,20,0,20
133997970,0,20,0,20
134213189,0,20,0,20
134223421,0,20,0,20
134224287,0.05,20,1,19
134274586,0,20,0,20
134322141,0,20,0,20
134516625,0.05,20,1,19
134641355,0.05,20,1,19
134765677,0,20,0,20
134839311,0.05,20,1,19
134967717,0,20,0,20
135066372,0.05,20,1,19
135091121,0,20,0,20
135147743,0,20,0,20
135177440,0,20,0,20
135244036,0.1,20,2,18
135400225,0.05,20,1,19
135503830,0,20,0,20
135554311,0.05,20,1,19
135698781,0,21,0,21
135865220,0.1,20,2,18
135879753,0,20,0,20
136021775,0.05,20,1,19
136135322,0,20,0,20
136137921,0,20,0,20
136139505,0,20,0,20
136219907,0,20,0,20
136495026,0.05,20,1,19
136668535,0,20,0,20
136791084,0,20,0,20
136866564,0.1,20,2,18
136891549,0.05,20,1,19
136998614,0,20,0,20
137022689,0,20,0,20
137079876,0,20,0,20
137158399,0,20,0,20
137222368,0,20,0,20
137334839,0.05,20,1,19
137451490,0,20,0,20
137460095,0,22,0,22
137508279,0.05,20,1,19
137531238,0,20,0,20
137588230,0,20,0,20
137610845,0.05,20,1,19
137651115,0,20,0,20
137837203,0,20,0,20
137846274,0,20,0,20
138044624,0.05,20,1,19
138115430,0,20,0,20
138279635,0,20,0,20
138482130,0,20,0,20
138570935,0,20,0,20
138581545,0,20,0,20
138725344,0,20,0,20
138941587,0.05,20,1,19
139016142,0.05,20,1,19
139673932,0,20,0,20
139695479,0.05,20,1,19
140050187,0,20,0,20
140408017,0.05,20,1,19
140499826,0,20,0,20
140820563,0,20,0,20
140825164,0.05,20,1,19
140854798,0,20,0,20
140911953,0,20,0,20
141118871,0.1,20,2,18
141160698,0.05,20,1,19
141161011,0,20,0,20
141402600,0.05,20,1,19
141721383,0.1,20,2,18
141773234,0.05,20,1,19
141873792,0.05,20,1,19
142001340,0,20,0,20
142388676,0.05,20,1,19
142408262,0,20,0,20
142475478,0,20,0,20
142591675,0,20,0,20
142650116,0,20,0,20
142706526,0,20,0,20
142750305,0.05,20,1,19
142754561,0,20,0,20
142775542,0,23,0,23
142790708,0,20,0,20
142793906,0.047619048,21,1,20
142799594,0.1,20,2,18
142844201,0.05,20,1,19
143124637,0,21,0,21
143157943,0,20,0,20
143235127,0,20,0,20
143343409,0,20,0,20
143459727,0.05,20,1,19
143643478,0.1,20,2,18
143770130,0,20,0,20
143877335,0.05,20,1,19
144071257,0.15,20,3,17
144188136,0,20,0,20
144347801,0.05,20,1,19
144412676,0,20,0,20
144532046,0.05,20,1,19
144580725,0.05,20,1,19
144679568,0,20,0,20
144762614,0,20,0,20
144824885,0,20,0,20
144845684,0,20,0,20
145117004,0.15,20,3,17
145243748,0.05,20,1,19
145275657,0,20,0,20
145320311,0,20,0,20
145512685,0.095238095,21,2,19
145606876,0,20,0,20
145825155,0,20,0,20
145908178,0.05,20,1,19
145927933,0,20,0,20
146007471,0.1,20,2,18
146016192,0,20,0,20
146022542,0.05,20,1,19
146145063,0.05,20,1,19
146427029,0,20,0,20
146517796,0.05,20,1,19
146594813,0,20,0,20
146809006,0,20,0,20
146900719,0,20,0,20
146999982,0,20,0,20
147079200,0,20,0,20
147143958,0,20,0,20
147395962,0,20,0,20
147602462,0,22,0,22
147859903,0,20,0,20
147879598,0.05,20,1,19
147910240,0.043478261,23,1,22
148246305,0,20,0,20
148264060,0,20,0,20
148322156,0,20,0,20
148362155,0.15,20,3,17
148467772,0,20,0,20
148476467,0,20,0,20
148510973,0.1,20,2,18
148631188,0,20,0,20
148674157,0.05,20,1,19
148773331,0,20,0,20
148831715,0,20,0,20
148928721,0.05,20,1,19
149143479,0.05,20,1,19
149331941,0,20,0,20
149424772,0,20,0,20
149505485,0,20,0,20
149795092,0.05,20,1,19
149810726,0,22,0,22
149920224,0.1,20,2,18
150033540,0.05,20,1,19
150135487,0,20,0,20
150137344,0.05,20,1,19
150182632,0,20,0,20
150282867,0,20,0,20
150305902,0,20,0,20
150326378,0,20,0,20
150397316,0,20,0,20
150472108,0,20,0,20
150751526,0.05,20,1,19
150789931,0.05,20,1,19
150882304,0,20,0,20
150909485,0.05,20,1,19
150995572,0,20,0,20
151015947,0.05,20,1,19
151229648,0,20,0,20
151234988,0.05,20,1,19
151256632,0,20,0,20
151331732,0,20,0,20
151600301,0.1,20,2,18
151603712,0,20,0,20
151662395,0.05,20,1,19
151943497,0,20,0,20
152078939,0.1,20,2,18
152419713,0.05,20,1,19
152497084,0.1,20,2,18
152542298,0,20,0,20
152585209,0.05,20,1,19
152850905,0,20,0,20
152861732,0.05,20,1,19
152956403,0.1,20,2,18
152959594,0.045454545,22,1,21
153017703,0.05,20,1,19
153076975,0.05,20,1,19
153097805,0,20,0,20
153144971,0,20,0,20
153148942,0.05,20,1,19
153156310,0,20,0,20
153543959,0,20,0,20
153821154,0.05,20,1,19
153823616,0.047619048,21,1,20
153945772,0.05,20,1,19
153956921,0,20,0,20
153991478,0,20,0,20
154014392,0,20,0,20
154123088,0,20,0,20
154145611,0.05,20,1,19
154230723,0.05,20,1,19
154230933,0,20,0,20
154296520,0.05,20,1,19
154458931,0,20,0,20
154485753,0,20,0,20
154533830,0.05,20,1,19
154687199,0.05,20,1,19
154730370,0.1,20,2,18
154817899,0,20,0,20
154940949,0.1,20,2,18
155003926,0,20,0,20
155042139,0.05,20,1,19
155071993,0,20,0,20
155155363,0,20,0,20
155183068,0,20,0,20
155342268,0,20,0,20
155420511,0,20,0,20
155673786,0,20,0,20
155718820,0,20,0,20
155772849,0.05,20,1,19
155919035,0.1,20,2,18
155963474,0.05,20,1,19
156071982,0,20,0,20
156271246,0,20,0,20
156297441,0,20,0,20
156379077,0,20,0,20
156407138,0,20,0,20
156407373,0,20,0,20
156426681,0.05,20,1,19
156440750,0,20,0,20
156565178,0.1,20,2,18
156615447,0.05,20,1,19
156619742,0,20,0,20
156675178,0.05,20,1,19
156733822,0,20,0,20
156748261,0,20,0,20
156818121,0.15,20,3,17
156879739,0.05,20,1,19
156941467,0,20,0,20
156946266,0,20,0,20
157058673,0,20,0,20
157080495,0.15,20,3,17
157193017,0,20,0,20
157235483,0.1,20,2,18
157275758,0.045454545,22,1,21
157314597,0,20,0,20
157341587,0,20,0,20
157391838,0,20,0,20
157469247,0.05,20,1,19
157530604,0,20,0,20
157636450,0.15,20,3,17
157811997,0.05,20,1,19
157899431,0.05,20,1,19
158121917,0,20,0,20
158136791,0.15,20,3,17
158159336,0.05,20,1,19
158173228,0.05,20,1,19
158277459,0,20,0,20
158429732,0,20,0,20
158476996,0,20,0,20
158495272,0,20,0,20
158576100,0,20,0,20
158608850,0.05,20,1,19
158620881,0.05,20,1,19
158655503,0,20,0,20
158877899,0,20,0,20
158891314,0.05,20,1,19
158944454,0,20,0,20
158974308,0.05,20,1,19
159077305,0.05,20,1,19
159114904,0.15,20,3,17
159152280,0,22,0,22
159248043,0,20,0,20
159277759,0,20,0,20
159365538,0,20,0,20
159371621,0.1,20,2,18
159411437,0,20,0,20
159424645,0.05,20,1,19
159428605,0.1,20,2,18
159484357,0,20,0,20
159524722,0.05,20,1,19
159595237,0,20,0,20
159677499,0,20,0,20
159734412,0,20,0,20
159800136,0,20,0,20
159812802,0,20,0,20
159850817,0,20,0,20
159852613,0,20,0,20
159922493,0,20,0,20
159946174,0,20,0,20
159994178,0.15,20,3,17
160042745,0,20,0,20
160162882,0,20,0,20
160288335,0.05,20,1,19
160288543,0,20,0,20
160299889,0,20,0,20
160427210,0.1,20,2,18
160461131,0,20,0,20
160469883,0.05,20,1,19
160640171,0,20,0,20
160673726,0,20,0,20
160767652,0,20,0,20
160883669,0.05,20,1,19
160887309,0.05,20,1,19
160922242,0,20,0,20
160965612,0,20,0,20
161117453,0,20,0,20
161139120,0,20,0,20
161140815,0,20,0,20
161211955,0.1,20,2,18
161240367,0,20,0,20
161248480,0,20,0,20
161338471,0,20,0,20
161361254,0,20,0,20
161366228,0,20,0,20
161383225,0,20,0,20
161384593,0.1,20,2,18
161623464,0,20,0,20
161657866,0,20,0,20
161659407,0,20,0,20
161663718,0,20,0,20
161759944,0,20,0,20
161772384,0.05,20,1,19
161816812,0.1,20,2,18
161896440,0.1,20,2,18
161991221,0.05,20,1,19
162068651,0,20,0,20
162076421,0,20,0,20
162081645,0,20,0,20
162214363,0,20,0,20
162288536,0.15,20,3,17
162319568,0,20,0,20
162421622,0.05,20,1,19
162453723,0,20,0,20
162543176,0,20,0,20
162649407,0,20,0,20
162740609,0.045454545,22,1,21
162748673,0,20,0,20
162809784,0,20,0,20
162894140,0,20,0,20
163140792,0,21,0,21
163162333,0.05,20,1,19
163281091,0,20,0,20
163361275,0,20,0,20
163415496,0,20,0,20
163432200,0.15,20,3,17
163617342,0,20,0,20
163669475,0,20,0,20
163712958,0.1,20,2,18
163896673,0.1,20,2,18
163930591,0.05,20,1,19
163968268,0,20,0,20
163972488,0,20,0,20
164097534,0.05,20,1,19
164318687,0.05,20,1,19
164475918,0,20,0,20
164511211,0.05,20,1,19
164543231,0.05,20,1,19
164663996,0,20,0,20
164695293,0,20,0,20
164761364,0.1,20,2,18
164805863,0,20,0,20
164820245,0,20,0,20
165065938,0,20,0,20
165073598,0,20,0,20
165101762,0.1,20,2,18
165216496,0.1,20,2,18
165239864,0,20,0,20
165240612,0,20,0,20
165356998,0,20,0,20
165608075,0,20,0,20
165755355,0.05,20,1,19
165779930,0,20,0,20
165851788,0.05,20,1,19
166081897,0,20,0,20
166224568,0.1,20,2,18
166228529,0,20,0,20
166545912,0,20,0,20
166604341,0,20,0,20
166654761,0,21,0,21
166656680,0,20,0,20
166669789,0.1,20,2,18
166753156,0,20,0,20
166858869,0,20,0,20
166863117,0.05,20,1,19
166880158,0.05,20,1,19
166927601,0.05,20,1,19
167013261,0.1,20,2,18
167017825,0,20,0,20
167118460,0.05,20,1,19
167167647,0.1,20,2,18
167194020,0,20,0,20
167202599,0,20,0,20
167302978,0,20,0,20
167333229,0.05,20,1,19
167785065,0,20,0,20
167815968,0.1,20,2,18
167901416,0.047619048,21,1,20
167985276,0.05,20,1,19
168031436,0.1,20,2,18
168053527,0.05,20,1,19
168082750,0,20,0,20
168094655,0,20,0,20
168163793,0.05,20,1,19
168244631,0.05,20,1,19
168324795,0.15,20,3,17
168539881,0,20,0,20
168641975,0,20,0,20
168726386,0.05,20,1,19
168732483,0,20,0,20
168771588,0.1,20,2,18
168881981,0.05,20,1,19
169006380,0,20,0,20
169054646,0.1,20,2,18
169254022,0,20,0,20
169653526,0,20,0,20
169771622,0.05,20,1,19
169902951,0,20,0,20
169929928,0,20,0,20
169937489,0,20,0,20
169964396,0,20,0,20
170068207,0,21,0,21
170095814,0,20,0,20
170172944,0,20,0,20
170198088,0,20,0,20
170201716,0.1,20,2,18
170215786,0.15,20,3,17
170329549,0,20,0,20
170377069,0.05,20,1,19
170382539,0.05,20,1,19
170460109,0.2,20,4,16
170474212,0.05,20,1,19
170485590,0.090909091,22,2,20
170491009,0,20,0,20
170570863,0,20,0,20
170853969,0.05,20,1,19
170904528,0,20,0,20
170911456,0,20,0,20
170947678,0.05,20,1,19
171067153,0.05,20,1,19
171160183,0,20,0,20
171252939,0,20,0,20
171315014,0,20,0,20
171383863,0,20,0,20
171580979,0,20,0,20
171611544,0,20,0,20
171691017,0,20,0,20
171726897,0,20,0,20
171847029,0.05,20,1,19
171965445,0,20,0,20
172006888,0,20,0,20
172105480,0,20,0,20
172135798,0,20,0,20
172145195,0,20,0,20
172381385,0.15,20,3,17
172434236,0.05,20,1,19
172470005,0.05,20,1,19
172518437,0.15,20,3,17
172666220,0.05,20,1,19
172771532,0.1,20,2,18
172795625,0,20,0,20
172842461,0,20,0,20
172854515,0,20,0,20
173102243,0.05,20,1,19
173344308,0,20,0,20
173382820,0,20,0,20
173434036,0,20,0,20
173453295,0.05,20,1,19
173649791,0,20,0,20
173799068,0,20,0,20
173846745,0.05,20,1,19
173859218,0,20,0,20
173909336,0,20,0,20
173931686,0,20,0,20
173940259,0.15,20,3,17
174002551,0,20,0,20
174204642,0,20,0,20
174226719,0,20,0,20
174276289,0,20,0,20
174287424,0,20,0,20
174415183,0,20,0,20
174459790,0,20,0,20
174507916,0,20,0,20
174585005,0,20,0,20
174633348,0,20,0,20
174674290,0.05,20,1,19
174762197,0.1,20,2,18
174838943,0,20,0,20
174896111,0,20,0,20
174907851,0,20,0,20
174923254,0.05,20,1,19
175001491,0.05,20,1,19
175026514,0,20,0,20
175033323,0,20,0,20
175150816,0,20,0,20
175263669,0,20,0,20
175447188,0.1,20,2,18
175831055,0.05,20,1,19
175835155,0,20,0,20
175918089,0.05,20,1,19
175941533,0,20,0,20
175948419,0,20,0,20
176223416,0.05,20,1,19
176225382,0,20,0,20
176261926,0,20,0,20
176354321,0.1,20,2,18
176414861,0,20,0,20
176449171,0,20,0,20
176539817,0.05,20,1,19
176590636,0,20,0,20
176645108,0.05,20,1,19
176810372,0,20,0,20
176929122,0.05,20,1,19
176967288,0,20,0,20
177213985,0.05,20,1,19
177313747,0,20,0,20
177444568,0,23,0,23
177466116,0,20,0,20
177519904,0,20,0,20
177625788,0.1,20,2,18
177827103,0.05,20,1,19
177976130,0,20,0,20
178003047,0,20,0,20
178038549,0.05,20,1,19
178168238,0,20,0,20
178233300,0,20,0,20
178423779,0,20,0,20
178465090,0,20,0,20
178574781,0.05,20,1,19
178605069,0.05,20,1,19
178789623,0,20,0,20
178964139,0,20,0,20
179077731,0.05,20,1,19
179347474,0,20,0,20
179390131,0,20,0,20
179394166,0,20,0,20
179404476,0,20,0,20
179733218,0.05,20,1,19
179936723,0,20,0,20
180206904,0.05,20,1,19
180236782,0,20,0,20
180283418,0.1,20,2,18
180438232,0,20,0,20
180596443,0,20,0,20
180648547,0.05,20,1,19
180753437,0,20,0,20
180789959,0,20,0,20
180801118,0,20,0,20
180901075,0.15,20,3,17
181002117,0,20,0,20
181010210,0,20,0,20
181070203,0.05,20,1,19
181158622,0,20,0,20
181252150,0,20,0,20
181385269,0.1,20,2,18
181453879,0.15,20,3,17
181564172,0.05,20,1,19
181593489,0,20,0,20
181597796,0,20,0,20
181608676,0.05,20,1,19
181638799,0,20,0,20
181666776,0.05,20,1,19
181894864,0,20,0,20
181966419,0,20,0,20
182220992,0,20,0,20
182229935,0.1,20,2,18
182295415,0,20,0,20
182399789,0,20,0,20
182412202,0,20,0,20
182422786,0,20,0,20
182464505,0,20,0,20
182491331,0,20,0,20
182499490,0,20,0,20
182557942,0,20,0,20
182593878,0,20,0,20
182726567,0,20,0,20
182771524,0,20,0,20
182851135,0.2,20,4,16
182961604,0.05,20,1,19
183048608,0,20,0,20
183103599,0,20,0,20
183235801,0,20,0,20
183241744,0,20,0,20
183294889,0,20,0,20
183315077,0,20,0,20
183337134,0.1,20,2,18
183382406,0,20,0,20
183490713,0.15,20,3,17
183574382,0.05,20,1,19
183771438,0,20,0,20
183803328,0,20,0,20
183838531,0,20,0,20
183983684,0.05,20,1,19
183998097,0.15,20,3,17
183999086,0.05,20,1,19
184314651,0.05,20,1,19
184385867,0.05,20,1,19
184554757,0,20,0,20
184594362,0,20,0,20
184694766,0,20,0,20
184858116,0.05,20,1,19
184987886,0,20,0,20
184987922,0,20,0,20
185075395,0,20,0,20
185079540,0.05,20,1,19
185130561,0,20,0,20
185258131,0.05,20,1,19
185259386,0,20,0,20
185390486,0.05,20,1,19
185494712,0,20,0,20
185517910,0,20,0,20
185680404,0,20,0,20
185743629,0,20,0,20
185914106,0,20,0,20
186022495,0,20,0,20
186040249,0,21,0,21
186069406,0,20,0,20
186099130,0,20,0,20
186126772,0.05,20,1,19
186247831,0,20,0,20
186287462,0,20,0,20
186310598,0,20,0,20
186323628,0,20,0,20
186344581,0,20,0,20
186483761,0.05,20,1,19
186517004,0.1,20,2,18
186642906,0.15,20,3,17
186673066,0.05,20,1,19
186903958,0.05,20,1,19
186932671,0.05,20,1,19
187283749,0,20,0,20
187462398,0,20,0,20
187463594,0.1,20,2,18
187484302,0.05,20,1,19
187545648,0.15,20,3,17
187588985,0,20,0,20
187692242,0,20,0,20
187731882,0,20,0,20
187877855,0.05,20,1,19
187999074,0,20,0,20
188167163,0,20,0,20
188189790,0,20,0,20
188250158,0.1,20,2,18
188266554,0,20,0,20
188394070,0,22,0,22
188509200,0,20,0,20
188681523,0,20,0,20
188910738,0,20,0,20
188949150,0.05,20,1,19
188988198,0.05,20,1,19
189086011,0,20,0,20
189123038,0,20,0,20
189129966,0,20,0,20
189177145,0.05,20,1,19
189304702,0.05,20,1,19
189441775,0.1,20,2,18
189734107,0,20,0,20
189813843,0.1,20,2,18
189818681,0,20,0,20
189858084,0.136363636,22,3,19
190022459,0.05,20,1,19
190060278,0,20,0,20
190074593,0.05,20,1,19
190191843,0.05,20,1,19
190305835,0.2,20,4,16
190502181,0.05,20,1,19
190650796,0,20,0,20
190675881,0,20,0,20
190708114,0,20,0,20
191101874,0,20,0,20
191126693,0.1,20,2,18
191244808,0.05,20,1,19
191365887,0.05,20,1,19
191377488,0,20,0,20
191477470,0,20,0,20
191576449,0,20,0,20
191637518,0,20,0,20
191747590,0.05,20,1,19
191979928,0.15,20,3,17
191988742,0,20,0,20
192044880,0,20,0,20
192105970,0.05,20,1,19
192170147,0.15,20,3,17
192234242,0,20,0,20
192503967,0.05,20,1,19
192538478,0,20,0,20
192645567,0.05,20,1,19
192703190,0,20,0,20
192772707,0,20,0,20
193087158,0,20,0,20
193103684,0,20,0,20
193129684,0,20,0,20
193156880,0,20,0,20
193196975,0,20,0,20
193304011,0,20,0,20
193486352,0,20,0,20
193987636,0.05,20,1,19
194111617,0,20,0,20
194207397,0,20,0,20
194305157,0,20,0,20
194432540,0.15,20,3,17
194544287,0,20,0,20
194641575,0,20,0,20
194670621,0.05,20,1,19
194854693,0,20,0,20
194872360,0,20,0,20
194893507,0,20,0,20
194970068,0.05,20,1,19
195072781,0,20,0,20
195105284,0,20,0,20
195171884,0,20,0,20
195414910,0,20,0,20
195584941,0.05,20,1,19
195607832,0,20,0,20
195780309,0.1,20,2,18
195943868,0,20,0,20
195946569,0.05,20,1,19
195962272,0,20,0,20
195968966,0,20,0,20
196059860,0,20,0,20
196066421,0,20,0,20
196223620,0.15,20,3,17
196231194,0,21,0,21
196403090,0,20,0,20
196558392,0.05,20,1,19
196595568,0.15,20,3,17
196609297,0,20,0,20
197190654,0.1,20,2,18
197279094,0,20,0,20
197302530,0,20,0,20
197328486,0,20,0,20
197385611,0,20,0,20
197406178,0.05,20,1,19
197518122,0.05,20,1,19
197571337,0.05,20,1,19
197620904,0,20,0,20
197652539,0.05,20,1,19
197657608,0,20,0,20
197904909,0.15,20,3,17
197949629,0.05,20,1,19
197966478,0.05,20,1,19
198081354,0.15,20,3,17
198105109,0,20,0,20
198249024,0,20,0,20
198346312,0,20,0,20
198350948,0,20,0,20
198561746,0,25,0,25
198573013,0,20,0,20
198722652,0,20,0,20
198735293,0.05,20,1,19
198804975,0,20,0,20
198850929,0,20,0,20
198893163,0,21,0,21
198914333,0.05,20,1,19
199568480,0.05,20,1,19
199603191,0,20,0,20
199628395,0,20,0,20
199637398,0,20,0,20
199659716,0.05,20,1,19
199693353,0,20,0,20
199768117,0,20,0,20
199816966,0.15,20,3,17
199908506,0,20,0,20
200036280,0,20,0,20
200059104,0.1,20,2,18
200086626,0.05,20,1,19
200115424,0,20,0,20
200175559,0,20,0,20
200282141,0,20,0,20
200524998,0,20,0,20
200574126,0,20,0,20
200673341,0.05,20,1,19
200913780,0,20,0,20
201022896,0,20,0,20
201122970,0.05,20,1,19
201173206,0,20,0,20
201187797,0,20,0,20
201265166,0.05,20,1,19
201280043,0,20,0,20
201283792,0,20,0,20
201656921,0,20,0,20
201737586,0,20,0,20
201757829,0.15,20,3,17
201816765,0,20,0,20
201889336,0,20,0,20
201974556,0,20,0,20
201978799,0.15,20,3,17
202057920,0,20,0,20
202140438,0.05,20,1,19
202195289,0,20,0,20
202376797,0,20,0,20
202427012,0.05,20,1,19
202491399,0,20,0,20
202598205,0,20,0,20
202618978,0,24,0,24
202764759,0.05,20,1,19
202843172,0.05,20,1,19
202894728,0,20,0,20
203086587,0.05,20,1,19
203092936,0,20,0,20
203101149,0,20,0,20
203222843,0.043478261,23,1,22
203241031,0,20,0,20
203440072,0,20,0,20
203643703,0,20,0,20
203650036,0,20,0,20
203765587,0.1,20,2,18
203800963,0.1,20,2,18
203831787,0.05,20,1,19
203838394,0,20,0,20
203968405,0.05,20,1,19
204401529,0,20,0,20
204459221,0.05,20,1,19
204477246,0.05,20,1,19
204480696,0,20,0,20
204493190,0.05,20,1,19
204541576,0,20,0,20
204624428,0,20,0,20
204679729,0,20,0,20
204795948,0,20,0,20
205014771,0.05,20,1,19
205058166,0,20,0,20
205089128,0,20,0,20
205285563,0.15,20,3,17
205479294,0,21,0,21
205829374,0,21,0,21
205965436,0.05,20,1,19
206014489,0.1,20,2,18
206088606,0,20,0,20
206183065,0.15,20,3,17
206193312,0,20,0,20
206214102,0,20,0,20
206346171,0,21,0,21
206398775,0.1,20,2,18
206494852,0,20,0,20
206908028,0.05,20,1,19
206982761,0,20,0,20
207009485,0,20,0,20
207036748,0,20,0,20
207196616,0,20,0,20
207262142,0,20,0,20
207424334,0.05,20,1,19
207477282,0,20,0,20
207647609,0,20,0,20
207718097,0.05,20,1,19
207830797,0,20,0,20
207869089,0,20,0,20
207915392,0,20,0,20
207926270,0.05,20,1,19
208004844,0.05,20,1,19
208061820,0,20,0,20
208491021,0,20,0,20
208616727,0.05,20,1,19
208821410,0,20,0,20
208879416,0,20,0,20
208900216,0,20,0,20
209006754,0,20,0,20
209087920,0,20,0,20
209219032,0,20,0,20
209340839,0,20,0,20
209450381,0,20,0,20
209559315,0,20,0,20
209623250,0,20,0,20
209665002,0,20,0,20
209772097,0.1,20,2,18
209807861,0,20,0,20
209817175,0.1,20,2,18
209830063,0,20,0,20
209869297,0.05,20,1,19
209917929,0,20,0,20
209985078,0,20,0,20
210018093,0,20,0,20
210019205,0.05,20,1,19
210046841,0,20,0,20
210170887,0,20,0,20
210172601,0,22,0,22
210177498,0,20,0,20
210576042,0.05,20,1,19
210727350,0,20,0,20
210896662,0,20,0,20
210986854,0,20,0,20
211180125,0,20,0,20
211197762,0,20,0,20
211270134,0,20,0,20
211315837,0,20,0,20
211454678,0,20,0,20
211544205,0.05,20,1,19
212078557,0.05,20,1,19
212149210,0,20,0,20
212426459,0.05,20,1,19
212456283,0,20,0,20
212466515,0,20,0,20
212570211,0,20,0,20
212806127,0,20,0,20
213022303,0,20,0,20
213231597,0,20,0,20
213427457,0,20,0,20
213610494,0,20,0,20
213720494,0,20,0,20
213737989,0.05,20,1,19
213775315,0,20,0,20
213854339,0,20,0,20
214619754,0,20,0,20
214658749,0,22,0,22
214913026,0,20,0,20
215160630,0,20,0,20
215208719,0,20,0,20
215253129,0,20,0,20
215380327,0,20,0,20
215540943,0,20,0,20
215721461,0,20,0,20
215832158,0,20,0,20
216023925,0,20,0,20
216025815,0.05,20,1,19
216047087,0,20,0,20
216088282,0.15,20,3,17
216211930,0,20,0,20
216217925,0,20,0,20
216505571,0.05,20,1,19
216674215,0,20,0,20
216688763,0,20,0,20
216785107,0.05,20,1,19
217099682,0.05,20,1,19
217680215,0.05,20,1,19
217709850,0,20,0,20
217779981,0.05,20,1,19
218121619,0,20,0,20
218317467,0.05,20,1,19
218354629,0,20,0,20
218680215,0.05,20,1,19
218734858,0.1,20,2,18
218918267,0,20,0,20
219414811,0,20,0,20
219466457,0.05,20,1,19
219466905,0.1,20,2,18
219551734,0,20,0,20
219822826,0,20,0,20
220434034,0.05,20,1,19
220561138,0,20,0,20
220568686,0,20,0,20
220602833,0,20,0,20
220680498,0.05,20,1,19
221315846,0,20,0,20
221432905,0,20,0,20
221694858,0.05,20,1,19
221775355,0,20,0,20
221823551,0,20,0,20
221961243,0,20,0,20
222008249,0,20,0,20
222050169,0.05,20,1,19
222060673,0,20,0,20
222180483,0,20,0,20
222578478,0,20,0,20
223064225,0,20,0,20
223181037,0,20,0,20
223324734,0,20,0,20
223330523,0,20,0,20
223858723,0,20,0,20
224033250,0,20,0,20
224070533,0.1,20,2,18
224396593,0,20,0,20
224754050,0.1,20,2,18
225048159,0,20,0,20
225176638,0.05,20,1,19
225392937,0.05,20,1,19
225434610,0,20,0,20
225734651,0.043478261,23,1,22
226033921,0,20,0,20
226212066,0.05,20,1,19
226597231,0,20,0,20
226923581,0,20,0,20
227083521,0,20,0,20
227490126,0,20,0,20
227676589,0,20,0,20
227777777,0,20,0,20
228045441,0,20,0,20
228302915,0,20,0,20
228649481,0.1,20,2,18
228908339,0.05,20,1,19
228919399,0,20,0,20
229111581,0,20,0,20
229556803,0,20,0,20
230031062,0,20,0,20
230572014,0.05,20,1,19
230633575,0.05,20,1,19
230944154,0.05,20,1,19
231026651,0,20,0,20
231029951,0.05,20,1,19
231042734,0.05,20,1,19
231060378,0.05,20,1,19
231255153,0.1,20,2,18
231333981,0,20,0,20
231416829,0,24,0,24
231808839,0,20,0,20
232593507,0.05,20,1,19
232879561,0.05,20,1,19
232907046,0,20,0,20
233160273,0,20,0,20
233407123,0,20,0,20
233424343,0,20,0,20
234024191,0,20,0,20
234108053,0.15,20,3,17
234190577,0.05,20,1,19
234262106,0.05,20,1,19
234348805,0.05,20,1,19
234488787,0,20,0,20
234498398,0,20,0,20
234929278,0.1,20,2,18
235185723,0,20,0,20
235239851,0,20,0,20
235692659,0.05,20,1,19
235758386,0,20,0,20
236042442,0,26,0,26
236394893,0.1,20,2,18
236434806,0,20,0,20
236496373,0,20,0,20
236557903,0,20,0,20
236596014,0.05,20,1,19
236727418,0,20,0,20
237044358,0,20,0,20
237159970,0.1,20,2,18
237244349,0.1,20,2,18
237578633,0,20,0,20
237704094,0,20,0,20
237704278,0,20,0,20
237810083,0.05,20,1,19
237879937,0,20,0,20
238169854,0,20,0,20
238311629,0.05,20,1,19
238516802,0,20,0,20
238700575,0.1,20,2,18
238773402,0,20,0,20
238808025,0,20,0,20
239045127,0,20,0,20
239413586,0,20,0,20
239511574,0,20,0,20
239659002,0,20,0,20
239816635,0,20,0,20
239919157,0.1,20,2,18
240328249,0,20,0,20
240405101,0,20,0,20
240551525,0,20,0,20
241210827,0,20,0,20
241230534,0,20,0,20
241725931,0,20,0,20
241776037,0,20,0,20
241862248,0.05,20,1,19
241891753,0,21,0,21
241903800,0,20,0,20
242242432,0,20,0,20
242523654,0.05,20,1,19
242549338,0,20,0,20
242572214,0,21,0,21
242694628,0.05,20,1,19
242749386,0,20,0,20
242781058,0,20,0,20
242876828,0,20,0,20
242886720,0.1,20,2,18
242935099,0.05,20,1,19
242937979,0.05,20,1,19
243020996,0.05,20,1,19
243077634,0,20,0,20
243522372,0,20,0,20
243664576,0.05,20,1,19
243808511,0,20,0,20
243808569,0,20,0,20
244290943,0,20,0,20
244294064,0,20,0,20
244335912,0,20,0,20
244445520,0,20,0,20
244789964,0,20,0,20
245314153,0,20,0,20
245621941,0,20,0,20
245681889,0.1,20,2,18
245859173,0.1,20,2,18
245863248,0,20,0,20
246258933,0.05,20,1,19
246439849,0.1,20,2,18
246456527,0,20,0,20
247032504,0,20,0,20
247065555,0.15,20,3,17
247313879,0.1,20,2,18
247443969,0,20,0,20
247912887,0,20,0,20
248216340,0,20,0,20
248254297,0,20,0,20
248444377,0,20,0,20
248549548,0.05,20,1,19
248613483,0,26,0,26
248754096,0,20,0,20
248882404,0.05,20,1,19
249165768,0,20,0,20
249232725,0,20,0,20
249570072,0.05,20,1,19
249607464,0,20,0,20
249626280,0,20,0,20
249858021,0,20,0,20
250238131,0,20,0,20
250826540,0.05,20,1,19
251164636,0,20,0,20
251440763,0,21,0,21
251634185,0,20,0,20
251635136,0.05,20,1,19
251706843,0.05,20,1,19
251732117,0,20,0,20
252044076,0,20,0,20
252074145,0.05,20,1,19
252345719,0,20,0,20
252352661,0.1,20,2,18
252811208,0,20,0,20
253121356,0.05,20,1,19
253205489,0,20,0,20
253218347,0,22,0,22
253813925,0,20,0,20
253814117,0,20,0,20
253961136,0,20,0,20
254201131,0.1,20,2,18
254550709,0.1,20,2,18
254928785,0,20,0,20
254935843,0.05,20,1,19
255007865,0.05,20,1,19
255010251,0.05,20,1,19
255096684,0,20,0,20
256525720,0,20,0,20
256606025,0,20,0,20
256613211,0,20,0,20
256645945,0,20,0,20
256992469,0,30,0,30
257256783,0.05,20,1,19
257377008,0,20,0,20
257422299,0,20,0,20
257449387,0,20,0,20
257724052,0,20,0,20
257989791,0,20,0,20
258482885,0.15,20,3,17
258530685,0,20,0,20
258531019,0,20,0,20
258602617,0,21,0,21
258673767,0,20,0,20
258895899,0,20,0,20
259050705,0,20,0,20
259268105,0,20,0,20
259611075,0.05,20,1,19
259798464,0,20,0,20
259934836,0,20,0,20
260118401,0,20,0,20
260265776,0,20,0,20
260320188,0,20,0,20
260376156,0.1,20,2,18
260538236,0,20,0,20
260788360,0,20,0,20
261067712,0.05,20,1,19
261602452,0,20,0,20
262195804,0,20,0,20
262317184,0.05,20,1,19
262474788,0,20,0,20
262814808,0,20,0,20
262861632,0.1,20,2,18
263771716,0,20,0,20
263993336,0,20,0,20
264198760,0,20,0,20
264253640,0.05,20,1,19
264438536,0.1,20,2,18
264500948,0.05,20,1,19
264625792,0,20,0,20
264626784,0,20,0,20
264816680,0.05,20,1,19
265859320,0,20,0,20
266367020,0,20,0,20
266479412,0.05,20,1,19
266799152,0,20,0,20
266829332,0,20,0,20
266874064,0,20,0,20
267053376,0,23,0,23
267235316,0,20,0,20
268110072,0,20,0,20
268487512,0.05,20,1,19
268551184,0.05,20,1,19
270356700,0.05,20,1,19
270917796,0,20,0,20
271938268,0,20,0,20
272181160,0,20,0,20
272499996,0,20,0,20
272981192,0,20,0,20
273021336,0.05,20,1,19
273082868,0.05,20,1,19
273437868,0.05,20,1,19
274261412,0,20,0,20
274785080,0.1,20,2,18
275086284,0.1,20,2,18
275518260,0,20,0,20
275875486,0.15,20,3,17
276057148,0.05,20,1,19
276090576,0,20,0,20
276186966,0,20,0,20
276225812,0,20,0,20
276526080,0.05,20,1,19
277541086,0,20,0,20
277635586,0.05,20,1,19
277967574,0,20,0,20
279171078,0.05,20,1,19
279965238,0.05,20,1,19
280275540,0,20,0,20
280363186,0,20,0,20
281084246,0,20,0,20
281168230,0.05,20,1,19
281535206,0.05,20,1,19
281824528,0,20,0,20
281857216,0.05,20,1,19
281864662,0.047619048,21,1,20
282320568,0,20,0,20
282464648,0.05,20,1,19
282529842,0,20,0,20
282755920,0.05,20,1,19
283872900,0.05,20,1,19
283922576,0,20,0,20
284729488,0,20,0,20
285386664,0.05,20,1,19
285600472,0,20,0,20
285860790,0,20,0,20
285862168,0.05,20,1,19
285869008,0,20,0,20
285882402,0,23,0,23
285883244,0,20,0,20
286701848,0,20,0,20
286926470,0,20,0,20
287264958,0.15,20,3,17
287824954,0,20,0,20
287848624,0,20,0,20
288274882,0,20,0,20
289244540,0.1,20,2,18
290542222,0,20,0,20
290700906,0,20,0,20
291070006,0,20,0,20
291293152,0.05,20,1,19
292070264,0,20,0,20
292881361,0,20,0,20
293042025,0,20,0,20
293269191,0,20,0,20
293303005,0,20,0,20
293312087,0,20,0,20
293463755,0,20,0,20
293600797,0.05,20,1,19
293691139,0,20,0,20
294006204,0,20,0,20
294620986,0.037037037,27,1,26
294667556,0,20,0,20
294785149,0,20,0,20
295941603,0,20,0,20
295981434,0,20,0,20
296260221,0,20,0,20
296283194,0,20,0,20
296769824,0,20,0,20
296979815,0,21,0,21
297340487,0,20,0,20
297510921,0,20,0,20
297517705,0,20,0,20
297620161,0,20,0,20
297650024,0,20,0,20
297811211,0,20,0,20
298178235,0.05,20,1,19
298179648,0,20,0,20
298222970,0,20,0,20
298493475,0,20,0,20
298715051,0,20,0,20
298884520,0,20,0,20
298890193,0,20,0,20
299497567,0,20,0,20
299991818,0,20,0,20
300136813,0,20,0,20
300669819,0,20,0,20
300708628,0,20,0,20
301733532,0,20,0,20
302394761,0.05,20,1,19
302472242,0,20,0,20
302545663,0,20,0,20
302980730,0,20,0,20
303007171,0.05,20,1,19
303129589,0,20,0,20
303525289,0,20,0,20
303789064,0,20,0,20
304081461,0.05,20,1,19
304971849,0.05,20,1,19
306042038,0,20,0,20
306547522,0,20,0,20
306971738,0.05,20,1,19
308695132,0,20,0,20
309404240,0,20,0,20
